AccountName,AccountKey,Status,CategoryName,CustomerKey
Cyberdyne-Strategy,CYBSTRAT,OPEN,Internal,CYB-104
Cyberdyne-NL,CYBNL,OPEN,Group,CYB-101
Cyb-Rebrand,CYBRB,CLOSED,Internal,CYB-104
NanotechProject,ST-NP,OPEN,Group,STARK
Cyberdyn-ME,CYBME,OPEN,Internal,CYB-104
CybSystemA,CYBSA,OPEN,Internal,CYB-104
CybSystemB,CYBSB,OPEN,Internal,CYB-104
CybSystemC,SYBSC,OPEN,Internal,CYB-104
CybSystemD,SYBSD,OPEN,Internal,CYB-104
InfoSystem,SYB_INF,OPEN,Internal,CYB-104
Cyberdyne Projects,CY_Proj,CLOSED,Internal,CYB-104
Business Development,BUSDEV,OPEN,Non-billable,Triop
Annual Leave,HOLIDAY,OPEN,Non-billable,Triop
REDACTED,REDACTED,CLOSED,Non-billable,Triop
Meetings,INTERNALME,OPEN,Non-billable,Triop
Training,PROFDEV,OPEN,Non-billable,Triop
Sick Leave,SICKLEAVE,OPEN,Non-billable,Triop
Admin,ADMIN,OPEN,Non-billable,Triop
Test,TEST,CLOSED,Non-billable,Triop
Cyberdyne Analytics,CYB_ANALYTICS,OPEN,Internal,CYB-104
Cyberdyne-TimeResearch,CYB_TIMER,OPEN,Internal,CYB-104
MaterialsResearch,MATRES,OPEN,Group,LexC
Transition,TRANSITION,CLOSED,Internal,CYB-104
Integrator,INT,OPEN,Internal,CYB-104
Wearables,WEAR,CLOSED,Internal,CYB-104
AnalyticsPlatform,ANALYTICSP,OPEN,Internal,CYB-104
Optimisation,OPT,CLOSED,Internal,CYB-104
EmissionsReporting,GHGREP,OPEN,Internal,CYB-104
GlobalHR,GHR,OPEN,Group,CAKE
NLHR,NLHR,OPEN,Group,UC-001
Phase1_LH,P1LH,OPEN,Internal,CYB-104
Phase2_LH,P2LH,OPEN,Internal,CYB-104
Hydraulics,HYD_CYB,OPEN,Internal,CYB-104
RoboticsProject,MC_RP,CLOSED,External,MC
CYB_SYS1,CYB_SYS1,OPEN,Internal,CYB-104
CYB_SYS2,CYB_SYS2,OPEN,Internal,CYB-104
TrainingCompetency,TRAINING,OPEN,Internal,CYB-104
Planning,PLAN,OPEN,Internal,CYB-104
Sprint,SPRINT,OPEN,Internal,CYB-104
NRG,NRG,CLOSED,External,
CAPEX,CAPEX,CLOSED,Internal,CYB-104
Group HR,GHR,OPEN,Internal,CYB-104
HSEQ,HSE,OPEN,Internal,CYB-104
TBT,TBT,OPEN,Internal,CYB-104
Infosystems Implementation,SCC_Info,OPEN,Group,SCC
Living Wage,LW,OPEN,Group,CAKE
Phase0,P0,CLOSED,Internal,CYB-104
Prototyping,STA-PROTO,OPEN,,STARK
Consulting,CONSULTING,OPEN,External,WEY-YUT100
PO8523493,HYP-PO8523493,CLOSED,External,Hyperion
Sales,LI_Sales,OPEN,Group,LI_100
Cybernetics,ARAS_CYB,OPEN,External,Aras-383
Steering Group,STEERING,OPEN,Group,CYB-104
Transportation,TRANSPORT,OPEN,Internal,CYB-104
DueDiligence,UC_DD,OPEN,Group,UC-001
Training-Internal,T_I,OPEN,Non-billable,Triop
Training-External,T_E,OPEN,Non-billable,Triop
Audit systems analysis and procurement,ASAP,OPEN,Group,CAKE
Customer Information System,CUST_Info,OPEN,External,TA
Support for Living Wage,LW_SUP,OPEN,Group,CAKE
Enterprise Resource Planning Support,ERPS,OPEN,Group,CYB-104
Website Development,WEBDEV,OPEN,Non-billable,Triop
Marketing,Mrkt,OPEN,Non-billable,Triop
InternationalTravel,INTRAVEL,OPEN,External,SPE-07