CustomerName,CustomerKey,CustomerId
Weyland-Yutani,WEY-YUT100,6
TriOptimum Corporation,Triop,19
TranStar Corporation,TSC,9
Cyberdyne Systems NL,CYB-101,17
Cyberdyne Systems DE,CYB-102,12
Cyberdyne Systems ESP,CYB-103,11
Cyberdyne Systems UK,CYB-104,10
Stark Industries,STARK,5
Cyberdyne Systems ME,CYB-204,18
LexCorp EMEA,LexC,8
LexCorp UK,LexC,7
Aperture Science,CAKE,15
Umbrella Corporation,UC-001,13
Sirius Cybernetics Corporation,SCC,14
Tyrell Corporation,Tyrell,4
MomCorp,MC,16
SPECTRE,SPE-07,23
Hyperion Corporation,Hyperion,21
Lunar Industries,LI_100,22
Tessier-Ashpool,TA,20
Arasaka,Aras-383,24