Species Name,Family,Distribution,Status,Habitat,Key Features
Oncorhynchus mykiss,Salmonidae,Statewide,Introduced,"Rivers, Lakes","Rainbow trout, widespread"
Catostomus commersoni,Catostomidae,East of Continental Divide,Native,Rivers,"White sucker, large scales"
Salvelinus fontinalis,Salmonidae,Statewide,Introduced,Lakes,"Brook trout, colorful spots"
Esox lucius,Esocidae,Keyhole Reservoir,Introduced,Reservoirs,"Northern pike, large predator"
Lepomis macrochirus,Centrarchidae,"Lakes, Ponds",Introduced,Ponds,"Bluegill, common sport fish"
Micropterus salmoides,Centrarchidae,"Lakes, Reservoirs",Introduced,Lakes,"Largemouth bass, predatory"
Pimephales promelas,Cyprinidae,East of Continental Divide,Native,"Lakes, Rivers","Fathead minnow, widespread"
Gila robusta,Cyprinidae,Green River Drainage,Native,Rivers,"Roundtail chub, native to Green River"
Salmo trutta,Salmonidae,Statewide,Introduced,"Rivers, Lakes","Brown trout, introduced"
Cottus bairdi,Cottidae,West of Continental Divide,Native,Rivers,"Mottled sculpin, native"
Fundulus zebrinus,Cyprinodontidae,Statewide,Native,Rivers,"Plains killifish, native"
Ictalurus punctatus,Ictaluridae,North Platte River,Native,Rivers,"Channel catfish, widely distributed"
Notropis atherinoides,Cyprinidae,Statewide,Native,Rivers,"Emerald shiner, common"
Phenacobius mirabilis,Cyprinidae,Lower North Platte,Native,Rivers,"Suckermouth minnow, rare"
Carpiodes carpio,Catostomidae,North Platte River,Native,Lakes,"River carpsucker, large streams"
Gambusia affinis,Poeciliidae,Southeastern Wyoming,Introduced,Ponds,"Western mosquitofish, mosquito control"
Noturus flavus,Ictaluridae,Most Drainages,Native,Rivers,"Stonecat, native"
Cyprinella lutrensis,Cyprinidae,East of Continental Divide,Native,Lakes,"Red shiner, bright coloration"
Catostomus platyrhynchus,Catostomidae,All Drainages Except Niobrara,Native,Rivers,"Mountain sucker, native"
Rhinichthys cataractae,Cyprinidae,All Drainages Except Green River,Native,Rivers,"Longnose dace, native"
Salvelinus namaycush,Salmonidae,Statewide,Introduced,Lakes,"Lake trout, deep lakes"
Ameiurus melas,Ictaluridae,East of Continental Divide,Native,Rivers,"Black bullhead, native"
Hiodon alosoides,Hiodontidae,Powder River,Native,Rivers,"Goldeye, unique teeth"
Oncorhynchus clarki,Salmonidae,Snake River,Native,Rivers,"Cutthroat trout, five subspecies"
Moxostoma macrolepidotum,Catostomidae,Larger Streams,Native,Rivers,"Shorthead redhorse, native"
Stizostedion vitreum,Percidae,Reservoirs,Introduced,Reservoirs,"Walleye, common"
Pomoxis nigromaculatus,Centrarchidae,Lakes,Introduced,Lakes,"Black crappie, sport fish"
Luxilus cornutus,Cyprinidae,North Platte Tributaries,Native,Rivers,"Common shiner, streams"
Cyprinus carpio,Cyprinidae,Lakes,Introduced,Lakes,"Common carp, widespread"
Thymallus arcticus,Salmonidae,Yellowstone,Native,Rivers,"Grayling, native"
