"station_name","longitude","latitude","precip"
"HELSINKI KAISANIEMI AWS",24.95,60.167,81.6
"JYVASKYLA LENTOASEMA GSN",25.678,62.402,106.1
"JOKIOINEN JOKIOISTEN OBSERVATO GSN",23.501,60.814,87.2
"SODANKYLA AWS GSN",26.633,67.368,38
"PARAINEN UTO",21.371,59.784,85.6
"JOMALA JOMALABY",19.989,60.178,114.3
"PARAINEN FAGERHOLM",21.703,60.112,94.4
"HANKO RUSSARO",22.952,59.773,67.3
"KAARINA YLTOINEN",22.554,60.387,103.1
"KOUVOLA UTTI LENTOPORTINTIE",26.944,60.89,62.9
"KOUVOLA ANJALA",26.813,60.696,55.9
"HEINOLA ASEMANTAUS",26.053,61.199,72.1
"VIROLAHTI KOIVUNIEMI",27.676,60.527,69.5
"KASKINEN SALGRUND",21.194,62.334,76.9
"KARVIA ALKKIA",22.803,62.183,116.1
"KAUHAJOKI KUJA-KOKKO",22.187,62.413,72.8
"JUUPAJOKI HYYTIALA",24.291,61.846,109.3
"JAMSA HALLI LENTOASEMANTIE",24.818,61.859,98.8
"JOUTSA LEIVONMAKI SAVENAHO",26.099,61.879,98.2
"MIKKELI LENTOASEMA",27.21,61.687,65.4
"VARKAUS KOSULANNIEMI",27.911,62.322,78.4
"TOHMAJARVI KEMIE",30.349,62.235,52.5
"SEINAJOKI PELMAA",22.491,62.937,86.8
"KAUHAVA LENTOKENTTA",23.047,63.12,67.3
"AHTARI MYLLYMAKI",24.221,62.534,114.2
"HALSUA KANALA PUROLA",24.448,63.445,100.5
"ALAJARVI MOKSY",24.264,63.089,91.4
"MULTIA KARHILA",24.811,62.51,105.3
"VIITASAARI HAAPANIEMI",25.862,63.082,86.5
"VESANTO SONKARI",26.428,62.921,100.6
"MAANINKA HALOLA",27.316,63.143,87.9
"KUOPIO SAVILAHTI",27.637,62.892,94.9
"RAUTAVAARA YLA-LUOSTA",28.665,63.378,106.7
"JUUKA NIEMELA",29.238,63.232,81.4
"JOENSUU LINNUNLAHTI",29.727,62.601,66.6
"LIEKSA LAMPELA",30.049,63.321,71.3
"ILOMANTSI NAARVA",31.062,63.032,79.6
"ILOMANTSI MEKRIJARVI",30.978,62.769,48.8
"YLIVIESKA LENTOKENTTA",24.728,64.05,71.2
"HAAPAVESI MUSTIKKAMAKI",25.428,64.142,75.8
"PYHAJARVI OJAKYLA",25.709,63.736,92.4
"VIEREMA KAARAKKALA",27.224,63.841,110.8
"KAJAANI PETAISENNISKA",27.755,64.217,76.5
"VALTIMO KK",28.832,63.667,90.8
"SOTKAMO KUOLANIEMI",28.342,64.111,72.7
"KUHMO KALLIOJOKI",30.17,64.297,89.3
"SIIKAJOKI REVONLAHTI",25.093,64.683,55.8
"OULUNSALO PELLONPAA",25.376,64.938,60.7
"VAALA PELSO",26.427,64.501,64.4
"PUDASJARVI LENTOKENTTA",26.967,65.399,50.4
"SUOMUSSALMI PESIO",28.75,64.93,101.2
"PUOLANKA PALJAKKA",28.06,64.663,115.9
"RANUA LENTOKENTTA",26.371,65.976,48.5
"TAIVALKOSKI KK KAUPPATIE",28.248,65.574,69.3
"KUUSAMO KIUTAKONGAS",29.319,66.368,59.8
"YLITORNIO MELTOSJARVI",24.653,66.529,37.8
"PELLO KK MUSEOTIE",23.967,66.772,32.2
"ROVANIEMI APUKKA",26.015,66.579,41.8
"KEMIJARVI LENTOKENTTA",27.164,66.715,46.8
"SAVUKOSKI KK",28.18,67.285,38.2
"SALLA KK MYLLYTIE",28.678,66.833,42.9
"SALLA NARUSKA",29.181,67.162,44.6
"KITTILA PULJU",24.842,68.229,42.9
"KITTILA KENTTAROVA",24.243,67.991,40
"KITTILA KK",24.906,67.652,45.6
"KITTILA POKKA",25.787,68.169,37.1
"SODANKYLA LOKKA",27.75,67.821,36.1
"SODANKYLA VUOTSO",27.189,68.084,42.1
"INARI SAARISELKA MATKAILUKESKU",27.418,68.414,33.7
"SALLA VARRIOTUNTURI",29.615,67.748,27.7
"ENONTEKIO NAKKALA",23.58,68.603,16.6
"INARI ANGELI LINTUPUOLISELKA",25.741,68.903,21.2
"UTSJOKI KEVO",27.012,69.756,17.3
"UTSJOKI NUORGAM",27.901,70.081,17.6
"INARI KAAMANEN",27.27,69.14,22.4
"INARI NELLIM",28.304,68.849,22.4
"INARI KIRAKKAJARVI",28.899,69.582,11.1
