﻿station_name,station_longitude,station_latitude,station_elevation
Balmoral,-3.22,57.037,283
Bedford,-0.465,52.227,85
Reading,-0.938,51.441,66
High_Wycombe,-0.807,51.682,204
Cambridge,0.129,52.194,13
Camborne,-5.328,50.218,87
Keswick,-3.157,54.614,81
Buxton,-1.914,53.258,307
Okehampton,-3.977,50.703,408
Durham,-1.586,54.768,102
Eastbourne,0.283,50.759,15
Leuchars,-2.862,56.377,10
Cirencester,-1.996,51.709,133
Kew_Gardens,-0.294,51.482,6
Rothamsted,-0.36,51.807,128
Bridlington,-0.176,54.094,15
Faversham,0.878,51.297,46
Blackpool,-3.038,53.775,10
Scampton,-0.548,53.307,57
Cromer,1.291,52.934,37
Whitby,-0.626,54.481,41
Wallington,-1.945,55.154,150
Oxford,-1.264,51.761,63
Fair_Isle,-1.63,59.526,57
Yeovilton,-2.643,51.006,20
Coleshill,-1.691,52.48,96
Bradford,-1.774,53.814,134